Gender,Age,Height (inches)
Female,14,62
Female,14,66
Female,14,65
Female,14,65
Female,14,63
Female,14,63
Female,14,63
Female,14,65
Female,14,62
Female,14,62
Female,14,66
Female,14,66
Female,14,62
Female,14,63
Female,14,63
Female,14,66
Female,14,61
Female,14,62
Female,14,64
Female,14,60
Female,14,67
Female,14,62
Female,14,66
Female,14,68
Female,14,65
Female,14,64
Female,14,69
Female,14,62
Female,14,65
Female,14,64
Female,14,63
Female,14,65
Female,14,66
Female,14,69
Female,14,65
Female,14,64
Female,14,60
Female,14,68
Female,14,69
Female,14,69
Female,14,64
Female,14,69
Female,14,64
Female,14,64
Female,14,63
Female,14,56
Female,14,67
Female,14,64
Female,14,60
Female,14,61
Female,14,65
Female,14,61
Female,14,64
Female,14,64
Female,14,64
Female,14,67
Female,14,57
Female,15,64
Female,15,63
Female,15,63
Female,15,63
Female,15,66
Female,15,62
Female,15,67
Female,15,63
Female,15,65
Female,15,62
Female,15,66
Female,15,58
Female,15,70
Female,15,64
Female,15,62
Female,15,62
Female,15,64
Female,15,65
Female,15,65
Female,15,63
Female,15,61
Female,15,66
Female,15,60
Female,15,69
Female,15,61
Female,15,61
Female,15,67
Female,15,63
Female,15,61
Female,15,62
Female,15,67
Female,15,60
Female,15,64
Female,15,66
Female,15,64
Female,15,60
Female,15,65
Female,15,66
Female,15,66
Female,15,70
Female,15,68
Female,15,65
Female,15,53
Female,15,63
Female,15,62
Female,15,66
Female,15,62
Female,15,59
Female,15,62
Female,15,66
Female,15,62
Female,15,66
Female,15,67
Female,15,63
Female,15,67
Female,15,62
Female,15,60
Female,15,61
Female,15,62
Female,15,63
Female,15,64
Female,15,63
Female,15,63
Female,15,62
Female,15,63
Female,15,64
Female,15,66
Female,15,62
Female,15,70
Female,15,64
Female,15,68
Female,15,62
Female,15,67
Female,15,62
Female,15,63
Female,15,67
Female,15,66
Female,15,62
Female,15,65
Female,15,62
Female,15,67
Female,15,63
Female,15,63
Female,15,64
Female,15,67
Female,15,64
Female,15,59
Female,15,63
Female,15,62
Female,15,63
Female,15,66
Female,15,63
Female,15,64
Female,15,67
Female,15,64
Female,15,69
Female,15,65
Female,15,63
Female,15,65
Female,15,64
Female,15,65
Female,15,67
Female,15,63
Female,15,64
Female,15,61
Female,15,69
Female,15,61
Female,15,66
Female,15,62
Female,15,62
Female,15,66
Female,15,63
Female,15,68
Female,15,63
Female,15,64
Female,15,62
Female,15,64
Female,15,73
Female,15,60
Female,15,64
Female,15,63
Female,15,70
Female,15,63
Female,15,63
Female,15,60
Female,15,67
Female,15,60
Female,15,61
Female,15,59
Female,15,62
Female,15,63
Female,15,68
Female,15,63
Female,15,65
Female,15,66
Female,15,61
Female,15,64
Female,15,65
Female,15,66
Female,15,64
Female,15,65
Female,15,63
Female,15,65
Female,15,65
Female,15,60
Female,15,60
Female,15,64
Female,15,67
Female,15,62
Female,15,59
Female,15,66
Female,15,66
Female,15,67
Female,15,65
Female,15,62
Female,15,66
Female,15,63
Female,15,66
Female,15,67
Female,15,67
Female,15,63
Female,15,63
Female,15,64
Female,15,69
Female,15,62
Female,15,63
Female,15,62
Female,15,67
Female,15,64
Female,15,61
Female,15,64
Female,15,67
Female,15,63
Female,15,72
Female,15,67
Female,15,67
Female,15,69
Female,15,63
Female,15,63
Female,15,67
Female,15,65
Female,15,68
Female,15,62
Female,15,65
Female,15,72
Female,15,68
Female,15,64
Female,15,65
Female,15,64
Female,15,66
Female,15,69
Female,15,63
Female,15,64
Female,15,65
Female,15,64
Female,15,62
Female,15,62
Female,15,65
Female,15,66
Female,15,66
Female,15,62
Female,15,57
Female,15,65
Female,15,62
Female,15,64
Female,15,62
Female,15,62
Female,15,62
Female,15,63
Female,15,61
Female,15,65
Female,15,64
Female,15,65
Female,15,66
Female,15,64
Female,15,63
Female,15,64
Female,15,65
Female,15,63
Female,15,62
Female,15,64
Female,15,69
Female,15,62
Female,15,64
Female,15,64
Female,15,66
Female,15,62
Female,15,64
Female,15,67
Female,15,66
Female,15,69
Female,15,67
Female,15,66
Female,15,65
Female,15,69
Female,15,61
Female,15,66
Female,15,64
Female,15,66
Female,15,66
Female,15,64
Female,15,64
Female,15,65
Female,15,65
Female,15,67
Female,15,70
Female,15,64
Female,15,69
Female,15,69
Female,15,70
Female,15,60
Female,15,63
Female,15,62
Female,15,58
Female,15,67
Female,15,62
Female,15,64
Female,15,64
Female,15,65
Female,15,63
Female,15,63
Female,15,64
Female,15,64
Female,15,64
Female,15,63
Female,15,64
Female,15,64
Female,15,67
Female,15,66
Female,15,60
Female,15,68
Female,15,66
Female,15,60
Female,15,63
Female,15,64
Female,15,67
Female,15,70
Female,15,62
Female,15,61
Female,15,63
Female,15,62
Female,15,67
Female,15,67
Female,15,62
Female,15,63
Female,15,66
Female,15,66
Female,15,66
Female,15,64
Female,15,68
Female,15,64
Female,15,68
Female,15,63
Female,15,65
Female,15,65
Female,15,63
Female,15,66
Female,15,63
Female,15,64
Female,15,61
Female,15,68
Female,15,67
Female,15,68
Female,15,68
Female,15,58
Female,15,69
Female,15,66
Female,15,60
Female,15,63
Female,15,60
Female,15,60
Female,15,65
Female,15,63
Female,15,67
Female,15,67
Female,15,64
Female,15,60
Female,15,66
Female,15,65
Female,15,68
Female,15,64
Female,15,68
Female,15,63
Female,15,66
Female,15,64
Female,15,67
Female,15,64
Female,15,64
Female,15,62
Female,15,60
Female,15,68
Female,15,64
Female,15,67
Female,15,64
Female,15,69
Female,15,66
Female,15,66
Female,15,65
Female,15,61
Female,15,63
Female,15,63
Female,15,68
Female,15,69
Female,15,64
Female,15,65
Female,15,61
Female,15,64
Female,15,60
Female,15,69
Female,15,62
Female,15,70
Female,15,62
Female,15,68
Female,15,52
Female,15,65
Female,15,66
Female,15,63
Female,15,64
Female,15,59
Female,15,63
Female,15,68
Female,15,64
Female,15,67
Female,15,65
Female,15,64
Female,15,65
Female,15,62
Female,15,64
Female,15,67
Female,15,68
Female,15,63
Female,15,62
Female,15,69
Female,15,67
Female,15,67
Female,15,67
Female,15,60
Female,15,69
Female,15,60
Female,15,71
Female,15,63
Female,15,65
Female,15,62
Female,15,62
Female,15,64
Female,15,66
Female,15,64
Female,15,62
Female,15,66
Female,15,66
Female,15,64
Female,15,65
Female,15,62
Female,15,64
Female,15,66
Female,15,69
Female,15,63
Female,15,62
Female,15,62
Female,15,64
Female,15,66
Female,15,63
Female,15,69
Female,15,65
Female,15,63
Female,15,62
Female,15,65
Female,15,64
Female,15,62
Female,15,64
Female,15,66
Female,15,63
Female,15,63
Female,15,70
Female,15,66
Female,15,64
Female,15,66
Female,15,70
Female,15,63
Female,15,61
Female,15,66
Female,15,64
Female,15,65
Female,15,64
Female,15,67
Female,15,66
Female,15,62
Female,15,62
Female,15,60
Female,15,65
Female,15,57
Female,15,63
Female,15,61
Female,15,67
Female,15,71
Female,15,65
Female,15,68
Female,15,65
Female,15,67
Female,15,60
Female,15,67
Female,15,64
Female,15,67
Female,15,62
Female,15,63
Female,15,64
Female,15,64
Female,15,65
Female,15,66
Female,15,62
Female,15,66
Female,15,65
Female,15,61
Female,15,61
Female,15,68
Female,15,67
Female,15,63
Female,15,63
Female,15,68
Female,15,63
Female,15,66
Female,15,63
Female,15,65
Female,15,71
Female,15,61
Female,15,64
Female,15,66
Female,15,62
Female,15,65
Female,15,64
Female,15,67
Female,15,63
Female,15,66
Female,15,60
Female,15,65
Female,15,62
Female,15,63
Female,15,64
Female,15,68
Female,15,67
Female,15,68
Female,15,66
Female,15,67
Female,15,61
Female,15,57
Female,15,63
Female,15,59
Female,15,67
Female,15,62
Female,15,69
Female,15,66
Female,15,62
Female,15,63
Female,15,66
Female,15,65
Female,15,69
Female,15,62
Female,15,67
Female,15,66
Female,15,67
Female,15,63
Female,15,64
Female,15,65
Female,15,66
Female,15,64
Female,15,64
Female,15,64
Female,15,68
Female,15,68
Female,15,66
Female,15,58
Female,15,61
Female,15,63
Female,15,65
Female,15,57
Female,15,62
Female,15,66
Female,15,65
Female,15,64
Female,15,68
Female,15,65
Female,15,67
Female,15,64
Female,15,62
Female,15,66
Female,15,65
Female,15,64
Female,15,65
Female,15,65
Female,15,65
Female,15,66
Female,15,60
Female,15,62
Female,15,66
Female,15,62
Female,15,62
Female,15,67
Female,15,68
Female,15,66
Female,15,68
Female,15,66
Female,15,66
Female,15,66
Female,15,67
Female,15,67
Female,15,62
Female,15,62
Female,15,63
Female,15,67
Female,15,66
Female,15,64
Female,15,64
Female,15,64
Female,15,65
Female,15,66
Female,15,66
Female,15,62
Female,15,67
Female,15,64
Female,15,65
Female,15,62
Female,15,64
Female,15,64
Female,15,63
Female,15,62
Female,15,62
Female,15,61
Female,15,62
Female,15,68
Female,15,63
Female,15,60
Female,15,60
Female,15,61
Female,15,59
Female,15,63
Female,15,55
Female,15,67
Female,15,64
Female,15,62
Female,15,66
Female,15,63
Female,15,66
Female,15,64
Female,15,60
Female,15,66
Female,15,60
Female,15,68
Female,15,67
Female,15,66
Female,15,63
Female,15,66
Female,15,61
Female,15,61
Female,15,66
Female,15,64
Female,15,62
Female,15,60
Female,15,67
Female,15,60
Female,15,59
Female,15,63
Female,15,59
Female,15,69
Female,15,65
Female,15,60
Female,15,66
Female,15,62
Female,15,66
Female,15,63
Female,15,68
Female,15,64
Female,15,67
Female,15,64
Female,15,61
Female,15,58
Female,15,65
Female,15,61
Female,15,65
Female,15,65
Female,15,60
Female,15,60
Female,15,61
Female,15,66
Female,15,63
Female,15,61
Female,15,63
Female,15,62
Female,15,64
Female,15,63
Female,15,62
Female,15,68
Female,15,65
Female,15,63
Female,15,63
Female,15,61
Female,15,63
Female,15,61
Female,15,63
Female,15,61
Female,15,68
Female,15,60
Female,15,62
Female,15,64
Female,15,65
Female,15,61
Female,15,63
Female,15,63
Female,15,68
Female,15,60
Female,15,64
Female,15,62
Female,15,64
Female,15,66
Female,15,65
Female,15,66
Female,15,64
Female,15,64
Female,15,66
Female,15,64
Female,15,62
Female,15,65
Female,15,63
Female,15,61
Female,15,65
Female,15,58
Female,15,69
Female,15,64
Female,15,66
Female,15,62
Female,15,66
Female,15,65
Female,15,64
Female,15,65
Female,15,64
Female,15,64
Female,15,58
Female,15,58
Female,15,61
Female,15,67
Female,15,63
Female,15,65
Female,15,62
Female,15,68
Female,15,60
Female,15,65
Female,15,65
Female,15,62
Female,15,64
Female,15,66
Female,15,64
Female,15,65
Female,15,50
Female,15,64
Female,15,63
Female,15,61
Female,15,64
Female,15,68
Female,15,67
Female,15,61
Female,15,66
Female,15,64
Female,15,72
Female,15,65
Female,15,63
Female,15,64
Female,15,63
Female,15,61
Female,15,64
Female,15,62
Female,15,66
Female,15,59
Female,15,64
Female,15,60
Female,15,57
Female,15,65
Female,15,59
Female,15,62
Female,15,66
Female,15,62
Female,15,64
Female,15,64
Female,15,62
Female,15,70
Female,15,65
Female,15,67
Female,15,71
Female,15,59
Female,15,64
Female,15,62
Female,15,65
Female,15,67
Female,15,68
Female,15,66
Female,15,63
Female,15,66
Female,15,57
Female,15,64
Female,15,69
Female,15,62
Female,15,64
Female,15,65
Female,15,67
Female,15,56
Female,15,70
Female,15,64
Female,15,61
Female,15,63
Female,15,61
Female,15,60
Female,15,66
Female,15,60
Female,15,59
Female,15,69
Female,15,65
Female,15,64
Female,15,68
Female,15,66
Female,15,63
Female,15,63
Female,15,56
Female,15,63
Female,15,64
Female,15,65
Female,15,66
Female,15,63
Female,15,61
Female,15,67
Female,15,67
Female,15,64
Female,15,63
Female,15,66
Female,15,65
Female,15,60
Female,15,62
Female,15,62
Female,15,67
Female,15,71
Female,15,67
Female,15,58
Female,15,66
Female,15,64
Female,15,64
Female,15,64
Female,15,57
Female,15,63
Female,15,65
Female,15,71
Female,15,68
Female,15,61
Female,15,63
Female,15,69
Female,15,68
Female,15,66
Female,15,66
Female,15,66
Female,16,67
Female,16,59
Female,16,63
Female,16,66
Female,16,60
Female,16,63
Female,16,66
Female,16,62
Female,16,62
Female,16,65
Female,16,61
Female,16,68
Female,16,66
Female,16,60
Female,16,65
Female,16,60
Female,16,61
Female,16,65
Female,16,67
Female,16,70
Female,16,66
Female,16,64
Female,16,64
Female,16,65
Female,16,64
Female,16,59
Female,16,59
Female,16,62
Female,16,66
Female,16,65
Female,16,65
Female,16,62
Female,16,56
Female,16,68
Female,16,60
Female,16,60
Female,16,62
Female,16,68
Female,16,62
Female,16,59
Female,16,64
Female,16,69
Female,16,64
Female,16,67
Female,16,65
Female,16,60
Female,16,64
Female,16,65
Female,16,67
Female,16,64
Female,16,66
Female,16,63
Female,16,61
Female,16,64
Female,16,63
Female,16,66
Female,16,63
Female,16,67
Female,16,64
Female,16,66
Female,16,68
Female,16,66
Female,16,67
Female,16,69
Female,16,64
Female,16,63
Female,16,64
Female,16,64
Female,16,63
Female,16,63
Female,16,65
Female,16,65
Female,16,64
Female,16,63
Female,16,64
Female,16,63
Female,16,60
Female,16,64
Female,16,64
Female,16,63
Female,16,70
Female,16,63
Female,16,62
Female,16,63
Female,16,62
Female,16,67
Female,16,64
Female,16,68
Female,16,61
Female,16,62
Female,16,67
Female,16,60
Female,16,63
Female,16,62
Female,16,64
Female,16,64
Female,16,64
Female,16,64
Female,16,64
Female,16,64
Female,16,66
Female,16,67
Female,16,67
Female,16,67
Female,16,67
Female,16,64
Female,16,62
Female,16,67
Female,16,69
Female,16,61
Female,16,62
Female,16,65
Female,16,64
Female,16,68
Female,16,61
Female,16,62
Female,16,65
Female,16,65
Female,16,64
Female,16,66
Female,16,62
Female,16,64
Female,16,61
Female,16,67
Female,16,64
Female,16,66
Female,16,63
Female,16,66
Female,16,64
Female,16,58
Female,16,64
Female,16,69
Female,16,70
Female,16,60
Female,16,60
Female,16,66
Female,16,67
Female,16,67
Female,16,67
Female,16,66
Female,16,68
Female,16,66
Female,16,64
Female,16,65
Female,16,58
Female,16,65
Female,16,65
Female,16,63
Female,16,68
Female,16,67
Female,16,65
Female,16,61
Female,16,63
Female,16,67
Female,16,62
Female,16,67
Female,16,66
Female,16,67
Female,16,60
Female,16,64
Female,16,68
Female,16,63
Female,16,63
Female,16,57
Female,16,66
Female,16,62
Female,16,64
Female,16,64
Female,16,67
Female,16,63
Female,16,67
Female,16,67
Female,16,65
Female,16,66
Female,16,66
Female,16,63
Female,16,64
Female,16,63
Female,16,64
Female,16,66
Female,16,61
Female,16,65
Female,16,64
Female,16,64
Female,16,62
Female,16,63
Female,16,66
Female,16,65
Female,16,65
Female,16,62
Female,16,65
Female,16,63
Female,16,61
Female,16,63
Female,16,70
Female,16,69
Female,16,67
Female,16,69
Female,16,63
Female,16,62
Female,16,63
Female,16,63
Female,16,64
Female,16,61
Female,16,64
Female,16,67
Female,16,64
Female,16,64
Female,16,63
Female,16,64
Female,16,64
Female,16,71
Female,16,64
Female,16,74
Female,16,64
Female,16,64
Female,16,64
Female,16,63
Female,16,61
Female,16,63
Female,16,66
Female,16,60
Female,16,62
Female,16,67
Female,16,66
Female,16,60
Female,16,61
Female,16,68
Female,16,65
Female,16,67
Female,16,70
Female,16,60
Female,16,64
Female,16,63
Female,16,62
Female,16,64
Female,16,63
Female,16,61
Female,16,69
Female,16,62
Female,16,63
Female,16,68
Female,16,66
Female,16,67
Female,16,63
Female,16,66
Female,16,63
Female,16,66
Female,16,66
Female,16,67
Female,16,62
Female,16,64
Female,16,61
Female,16,67
Female,16,68
Female,16,63
Female,16,63
Female,16,67
Female,16,60
Female,16,60
Female,16,63
Female,16,64
Female,16,66
Female,16,68
Female,16,63
Female,16,62
Female,16,64
Female,16,64
Female,16,62
Female,16,65
Female,16,66
Female,16,62
Female,16,64
Female,16,67
Female,16,63
Female,16,64
Female,16,62
Female,16,64
Female,16,67
Female,16,68
Female,16,64
Female,16,68
Female,16,62
Female,16,68
Female,16,67
Female,16,63
Female,16,65
Female,16,64
Female,16,62
Female,16,65
Female,16,64
Female,16,71
Female,16,65
Female,16,63
Female,16,64
Female,16,66
Female,16,67
Female,16,68
Female,16,63
Female,16,66
Female,16,64
Female,16,62
Female,16,64
Female,16,62
Female,16,63
Female,16,67
Female,16,69
Female,16,65
Female,16,64
Female,16,62
Female,16,64
Female,16,67
Female,16,64
Female,16,64
Female,16,63
Female,16,65
Female,16,65
Female,16,63
Female,16,62
Female,16,63
Female,16,66
Female,16,69
Female,16,65
Female,16,64
Female,16,66
Female,16,63
Female,16,66
Female,16,63
Female,16,66
Female,16,67
Female,16,67
Female,16,61
Female,16,64
Female,16,63
Female,16,72
Female,16,63
Female,16,68
Female,16,65
Female,16,66
Female,16,65
Female,16,62
Female,16,79
Female,16,64
Female,16,67
Female,16,73
Female,16,60
Female,16,61
Female,16,65
Female,16,62
Female,16,63
Female,16,62
Female,16,67
Female,16,66
Female,16,61
Female,16,65
Female,16,70
Female,16,63
Female,16,68
Female,16,62
Female,16,68
Female,16,66
Female,16,60
Female,16,61
Female,16,61
Female,16,61
Female,16,66
Female,16,72
Female,16,61
Female,16,64
Female,16,63
Female,16,66
Female,16,69
Female,16,69
Female,16,69
Female,16,63
Female,16,64
Female,16,63
Female,16,66
Female,16,63
Female,16,67
Female,16,65
Female,16,64
Female,16,64
Female,16,66
Female,16,68
Female,16,61
Female,16,66
Female,16,66
Female,16,63
Female,16,65
Female,16,65
Female,16,69
Female,16,64
Female,16,69
Female,16,65
Female,16,61
Female,16,63
Female,16,66
Female,16,65
Female,16,61
Female,16,63
Female,16,59
Female,16,62
Female,16,64
Female,16,59
Female,16,64
Female,16,66
Female,16,66
Female,16,63
Female,16,64
Female,16,66
Female,16,67
Female,16,62
Female,16,63
Female,16,62
Female,16,68
Female,16,60
Female,16,62
Female,16,59
Female,16,64
Female,16,64
Female,16,66
Female,16,64
Female,16,64
Female,16,66
Female,16,61
Female,16,64
Female,16,62
Female,16,66
Female,16,63
Female,16,66
Female,16,65
Female,16,69
Female,16,67
Female,16,62
Female,16,69
Female,16,62
Female,16,66
Female,16,63
Female,16,66
Female,16,65
Female,16,66
Female,16,64
Female,16,63
Female,16,61
Female,16,64
Female,16,61
Female,16,66
Female,16,63
Female,16,68
Female,16,67
Female,16,70
Female,16,66
Female,16,66
Female,16,61
Female,16,68
Female,16,67
Female,16,65
Female,16,65
Female,16,62
Female,16,68
Female,16,68
Female,16,63
Female,16,64
Female,16,62
Female,16,63
Female,16,65
Female,16,67
Female,16,55
Female,16,70
Female,16,70
Female,16,64
Female,16,67
Female,16,65
Female,16,67
Female,16,66
Female,16,64
Female,16,59
Female,16,68
Female,16,67
Female,16,64
Female,16,62
Female,16,60
Female,16,64
Female,16,67
Female,16,64
Female,16,68
Female,16,62
Female,16,61
Female,16,68
Female,16,67
Female,16,67
Female,16,65
Female,16,64
Female,16,63
Female,16,60
Female,16,62
Female,16,65
Female,16,61
Female,16,68
Female,16,65
Female,16,63
Female,16,66
Female,16,62
Female,16,64
Female,16,68
Female,16,67
Female,16,69
Female,16,64
Female,16,68
Female,16,66
Female,16,58
Female,16,68
Female,16,64
Female,16,66
Female,16,64
Female,16,65
Female,16,50
Female,16,66
Female,16,68
Female,16,61
Female,16,60
Female,16,66
Female,16,70
Female,16,68
Female,16,62
Female,16,66
Female,16,59
Female,16,65
Female,16,66
Female,16,64
Female,16,69
Female,16,64
Female,16,65
Female,16,65
Female,16,66
Female,16,66
Female,16,65
Female,16,65
Female,16,65
Female,16,63
Female,16,68
Female,16,62
Female,16,65
Female,16,67
Female,16,64
Female,16,64
Female,16,67
Female,16,62
Female,16,70
Female,16,66
Female,16,66
Female,16,67
Female,16,63
Female,16,67
Female,16,63
Female,16,73
Female,16,65
Female,16,65
Female,16,64
Female,16,64
Female,16,67
Female,16,67
Female,16,65
Female,16,70
Female,16,64
Female,16,67
Female,16,69
Female,16,65
Female,16,62
Female,16,68
Female,16,61
Female,16,62
Female,16,64
Female,16,64
Female,16,66
Female,16,61
Female,16,71
Female,16,67
Female,16,64
Female,16,66
Female,16,69
Female,16,58
Female,16,74
Female,16,61
Female,16,60
Female,16,67
Female,16,62
Female,16,67
Female,16,63
Female,16,56
Female,16,63
Female,16,66
Female,16,61
Female,16,62
Female,16,66
Female,16,61
Female,16,65
Female,16,63
Female,16,60
Female,16,65
Female,16,65
Female,16,63
Female,16,62
Female,16,66
Female,16,62
Female,16,62
Female,16,58
Female,16,62
Female,16,60
Female,16,59
Female,16,65
Female,16,62
Female,16,68
Female,16,65
Female,16,63
Female,16,64
Female,16,66
Female,16,65
Female,16,66
Female,16,69
Female,16,65
Female,16,68
Female,16,66
Female,16,60
Female,16,64
Female,16,61
Female,16,67
Female,16,64
Female,16,67
Female,16,63
Female,16,64
Female,16,65
Female,16,65
Female,16,66
Female,16,57
Female,16,56
Female,16,62
Female,16,59
Female,16,60
Female,16,62
Female,16,61
Female,16,69
Female,16,65
Female,16,67
Female,16,62
Female,16,67
Female,16,26
Female,16,67
Female,16,66
Female,16,58
Female,16,60
Female,16,63
Female,16,60
Female,16,63
Female,16,60
Female,16,64
Female,16,66
Female,16,64
Female,16,62
Female,16,64
Female,16,61
Female,16,64
Female,16,62
Female,16,67
Female,16,60
Female,16,68
Female,16,58
Female,16,59
Female,16,69
Female,16,65
Female,16,68
Female,16,66
Female,16,67
Female,16,59
Female,16,68
Female,16,60
Female,16,68
Female,16,62
Female,16,70
Female,16,67
Female,16,67
Female,16,63
Female,16,65
Female,16,66
Female,16,67
Female,16,64
Female,16,66
Female,16,64
Female,16,65
Female,16,62
Female,16,67
Female,16,65
Female,16,65
Female,16,63
Female,16,61
Female,16,66
Female,16,68
Female,16,61
Female,16,62
Female,16,66
Female,16,66
Female,16,59
Female,16,63
Female,16,62
Female,16,68
Female,16,62
Female,16,64
Female,16,66
Female,16,65
Female,16,64
Female,16,68
Female,16,63
Female,16,64
Female,16,63
Female,16,69
Female,16,71
Female,16,65
Female,16,59
Female,16,61
Female,16,65
Female,16,63
Female,16,62
Female,16,63
Female,16,62
Female,16,61
Female,16,63
Female,16,63
Female,16,60
Female,16,65
Female,16,63
Female,16,63
Female,16,63
Female,16,59
Female,16,63
Female,16,59
Female,16,63
Female,16,64
Female,16,64
Female,16,66
Female,16,62
Female,16,67
Female,16,61
Female,16,67
Female,16,61
Female,16,66
Female,16,67
Female,16,64
Female,16,66
Female,16,66
Female,16,63
Female,16,64
Female,16,60
Female,16,66
Female,16,61
Female,16,62
Female,16,63
Female,16,61
Female,16,62
Female,16,66
Female,16,61
Female,16,64
Female,16,67
Female,16,64
Female,16,66
Female,16,67
Female,16,62
Female,16,63
Female,16,63
Female,16,62
Female,16,61
Female,16,64
Female,16,66
Female,16,69
Female,16,72
Female,16,64
Female,16,67
Female,16,65
Female,16,66
Female,16,62
Female,16,61
Female,16,63
Female,16,63
Female,16,64
Female,16,63
Female,16,69
Female,16,64
Female,16,63
Female,16,66
Female,16,62
Female,16,62
Female,16,64
Female,17,62
Female,17,64
Female,17,59
Female,17,63
Female,17,60
Female,17,65
Female,17,66
Female,17,61
Female,17,68
Female,17,65
Female,17,63
Female,17,64
Female,17,68
Female,17,62
Female,17,63
Female,17,63
Female,17,60
Female,17,66
Female,17,66
Female,17,62
Female,17,64
Female,17,61
Female,17,64
Female,17,63
Female,17,59
Female,17,63
Female,17,61
Female,17,63
Female,17,65
Female,17,64
Female,17,66
Female,17,60
Female,17,62
Female,17,63
Female,17,62
Female,17,63
Female,17,63
Female,17,66
Female,17,67
Female,17,68
Female,17,66
Female,17,67
Female,17,63
Female,17,60
Female,17,65
Female,17,61
Female,17,61
Female,17,60
Female,17,62
Female,17,65
Female,17,60
Female,17,71
Female,17,63
Female,17,60
Female,17,62
Female,17,66
Female,17,66
Female,17,65
Female,17,61
Female,17,62
Female,17,63
Female,17,65
Female,17,66
Female,17,63
Female,17,68
Female,17,64
Female,17,68
Female,17,65
Female,17,63
Female,17,61
Female,17,66
Female,17,64
Female,17,65
Female,17,70
Female,17,69
Female,17,67
Female,17,62
Female,17,66
Female,17,63
Female,17,62
Female,17,68
Female,17,68
Female,17,63
Female,17,61
Female,17,64
Female,17,67
Female,17,67
Female,17,61
Female,17,64
Female,17,60
Female,17,68
Female,17,71
Female,17,63
Female,17,59
Female,17,66
Female,17,62
Female,17,62
Female,17,64
Female,17,70
Female,17,65
Female,17,63
Female,17,66
Female,17,60
Female,17,64
Female,17,64
Female,17,69
Female,17,62
Female,17,63
Female,17,64
Female,17,59
Female,17,56
Female,17,68
Female,17,61
Female,17,62
Female,17,60
Female,17,61
Female,17,64
Female,17,62
Female,17,66
Female,17,63
Female,17,66
Female,17,70
Female,17,66
Female,17,63
Female,17,63
Female,17,68
Female,17,68
Female,17,61
Female,17,64
Female,17,65
Female,17,65
Female,17,60
Female,17,66
Female,17,63
Female,17,68
Female,17,66
Female,17,61
Female,17,66
Female,17,66
Female,17,61
Female,17,68
Female,17,67
Female,17,67
Female,17,65
Female,17,60
Female,17,64
Female,17,61
Female,17,65
Female,17,64
Female,17,67
Female,17,67
Female,17,62
Female,17,60
Female,17,67
Female,17,53
Female,17,58
Female,17,68
Female,17,68
Female,17,65
Female,17,69
Female,17,66
Female,17,68
Female,17,69
Female,17,61
Female,17,66
Female,17,62
Female,17,68
Female,17,68
Female,17,68
Female,17,66
Female,17,63
Female,17,63
Female,17,70
Female,17,68
Female,17,67
Female,17,63
Female,17,59
Female,17,64
Female,17,62
Female,17,71
Female,17,70
Female,17,68
Female,17,67
Female,17,65
Female,17,62
Female,17,64
Female,17,66
Female,17,61
Female,17,70
Female,17,66
Female,17,64
Female,17,68
Female,17,66
Female,17,62
Female,17,66
Female,17,61
Female,17,59
Female,17,65
Female,17,68
Female,17,67
Female,17,62
Female,17,62
Female,17,63
Female,17,64
Female,17,65
Female,17,65
Female,17,63
Female,17,62
Female,17,63
Female,17,61
Female,17,61
Female,17,66
Female,17,61
Female,17,67
Female,17,64
Female,17,66
Female,17,64
Female,17,69
Female,17,64
Female,17,64
Female,17,62
Female,17,62
Female,17,62
Female,17,66
Female,17,64
Female,17,66
Female,17,63
Female,17,64
Female,17,64
Female,17,63
Female,17,69
Female,17,63
Female,17,63
Female,17,62
Female,17,68
Female,17,66
Female,17,63
Female,17,63
Female,17,68
Female,17,64
Female,17,66
Female,17,70
Female,17,69
Female,17,63
Female,17,61
Female,17,64
Female,17,68
Female,17,68
Female,17,62
Female,17,66
Female,17,68
Female,17,62
Female,17,63
Female,17,63
Female,17,71
Female,17,64
Female,17,63
Female,17,61
Female,17,61
Female,17,66
Female,17,61
Female,17,64
Female,17,62
Female,17,64
Female,17,64
Female,17,63
Female,17,68
Female,17,65
Female,17,58
Female,17,62
Female,17,65
Female,17,68
Female,17,64
Female,17,61
Female,17,66
Female,17,62
Female,17,62
Female,17,66
Female,17,69
Female,17,66
Female,17,66
Female,17,62
Female,17,64
Female,17,68
Female,17,66
Female,17,68
Female,17,68
Female,17,69
Female,17,63
Female,17,60
Female,17,65
Female,17,66
Female,17,65
Female,17,67
Female,17,69
Female,17,61
Female,17,64
Female,17,66
Female,17,66
Female,17,55
Female,17,64
Female,17,61
Female,17,65
Female,17,62
Female,17,65
Female,17,65
Female,17,66
Female,17,67
Female,17,62
Female,17,65
Female,17,62
Female,17,67
Female,17,56
Female,17,65
Female,17,63
Female,17,68
Female,17,66
Female,17,65
Female,17,66
Female,17,65
Female,17,67
Female,17,64
Female,17,69
Female,17,69
Female,17,65
Female,17,66
Female,17,64
Female,17,62
Female,17,66
Female,17,61
Female,17,63
Female,17,63
Female,17,62
Female,17,64
Female,17,65
Female,17,62
Female,17,65
Female,17,63
Female,17,69
Female,17,68
Female,17,68
Female,17,66
Female,17,64
Female,17,67
Female,17,57
Female,17,62
Female,17,64
Female,17,68
Female,17,68
Female,17,69
Female,17,64
Female,17,63
Female,17,60
Female,17,67
Female,17,66
Female,17,68
Female,17,66
Female,17,70
Female,17,64
Female,17,65
Female,17,64
Female,17,65
Female,17,63
Female,17,68
Female,17,62
Female,17,64
Female,17,63
Female,17,62
Female,17,63
Female,17,64
Female,17,64
Female,17,65
Female,17,67
Female,17,64
Female,17,69
Female,17,64
Female,17,60
Female,17,63
Female,17,65
Female,17,62
Female,17,67
Female,17,66
Female,17,63
Female,17,63
Female,17,67
Female,17,67
Female,17,64
Female,17,65
Female,17,61
Female,17,64
Female,17,67
Female,17,63
Female,17,62
Female,17,65
Female,17,65
Female,17,61
Female,17,67
Female,17,60
Female,17,61
Female,17,63
Female,17,66
Female,17,69
Female,17,67
Female,17,71
Female,17,65
Female,17,67
Female,17,64
Female,17,64
Female,17,69
Female,17,67
Female,17,64
Female,17,67
Female,17,65
Female,17,67
Female,17,69
Female,17,60
Female,17,61
Female,17,61
Female,17,60
Female,17,62
Female,17,67
Female,17,64
Female,17,71
Female,17,62
Female,17,62
Female,17,66
Female,17,60
Female,17,60
Female,17,62
Female,17,64
Female,17,67
Female,17,69
Female,17,64
Female,17,62
Female,17,66
Female,17,66
Female,17,68
Female,17,66
Female,17,64
Female,17,67
Female,17,65
Female,17,65
Female,17,65
Female,17,65
Female,17,66
Female,17,62
Female,17,72
Female,17,65
Female,17,69
Female,17,64
Female,17,67
Female,17,64
Female,17,62
Female,17,61
Female,17,65
Female,17,67
Female,17,64
Female,17,62
Female,17,66
Female,17,64
Female,17,63
Female,17,67
Female,17,70
Female,17,64
Female,17,61
Female,17,67
Female,17,67
Female,17,67
Female,17,66
Female,17,63
Female,17,65
Female,17,63
Female,17,67
Female,17,65
Female,17,66
Female,17,67
Female,17,67
Female,17,71
Female,17,66
Female,17,64
Female,17,65
Female,17,64
Female,17,68
Female,17,65
Female,17,66
Female,17,64
Female,17,66
Female,17,67
Female,17,70
Female,17,62
Female,17,65
Female,17,64
Female,17,63
Female,17,71
Female,17,63
Female,17,65
Female,17,70
Female,17,63
Female,17,65
Female,17,67
Female,17,63
Female,17,66
Female,17,64
Female,17,65
Female,17,69
Female,17,66
Female,17,66
Female,17,61
Female,17,65
Female,17,61
Female,17,67
Female,17,66
Female,17,62
Female,17,62
Female,17,66
Female,17,69
Female,17,69
Female,17,63
Female,17,68
Female,17,69
Female,17,63
Female,17,65
Female,17,69
Female,17,65
Female,17,62
Female,17,61
Female,17,64
Female,17,67
Female,17,58
Female,17,62
Female,17,68
Female,17,66
Female,17,66
Female,17,64
Female,17,63
Female,17,62
Female,17,67
Female,17,66
Female,17,64
Female,17,68
Female,17,69
Female,17,62
Female,17,64
Female,17,61
Female,17,62
Female,17,63
Female,17,60
Female,17,63
Female,17,67
Female,17,64
Female,17,65
Female,17,61
Female,17,60
Female,17,64
Female,17,67
Female,17,60
Female,17,62
Female,17,67
Female,17,66
Female,17,61
Female,17,63
Female,17,63
Female,17,70
Female,17,66
Female,17,63
Female,17,67
Female,17,64
Female,17,60
Female,17,65
Female,17,66
Female,17,69
Female,17,59
Female,17,64
Female,17,64
Female,17,70
Female,17,62
Female,17,66
Female,17,71
Female,17,64
Female,17,67
Female,17,66
Female,17,66
Female,17,68
Female,17,63
Female,17,63
Female,17,69
Female,17,60
Female,17,64
Female,17,67
Female,17,65
Female,17,60
Female,17,64
Female,17,64
Female,17,64
Female,17,69
Female,17,65
Female,17,60
Female,17,70
Female,17,67
Female,17,69
Female,17,67
Female,17,63
Female,17,61
Female,17,65
Female,17,64
Female,17,66
Female,17,60
Female,17,62
Female,17,66
Female,17,61
Female,17,62
Female,17,66
Female,17,66
Female,17,62
Female,17,62
Female,17,62
Female,17,61
Female,17,61
Female,17,60
Female,17,66
Female,17,64
Female,17,62
Female,17,64
Female,17,58
Female,17,64
Female,17,57
Female,17,65
Female,17,70
Female,17,60
Female,17,66
Female,17,61
Female,17,63
Female,17,69
Female,17,63
Female,17,60
Female,17,68
Female,17,62
Female,17,64
Female,17,64
Female,17,64
Female,17,59
Female,17,67
Female,17,64
Female,17,71
Female,17,63
Female,17,65
Female,17,65
Female,17,64
Female,17,62
Female,17,69
Female,17,63
Female,17,61
Female,17,58
Female,17,64
Female,17,64
Female,17,62
Female,17,65
Female,17,66
Female,17,64
Female,17,68
Female,17,61
Female,17,66
Female,17,65
Female,17,66
Female,17,66
Female,17,63
Female,17,66
Female,17,66
Female,17,65
Female,17,62
Female,17,65
Female,17,64
Female,17,60
Female,17,62
Female,17,61
Female,17,61
Female,17,64
Female,17,62
Female,17,63
Female,17,65
Female,17,64
Female,17,59
Female,17,62
Female,17,66
Female,17,65
Female,17,65
Female,17,68
Female,17,67
Female,17,64
Female,17,64
Female,17,61
Female,17,67
Female,17,63
Female,17,67
Female,17,65
Female,17,62
Female,17,65
Female,17,68
Female,17,67
Female,17,63
Female,17,64
Female,17,66
Female,17,62
Female,17,63
Female,17,60
Female,17,64
Female,17,64
Female,17,63
Female,17,65
Female,17,63
Female,17,67
Female,17,38
Female,17,67
Female,17,63
Female,17,65
Female,17,64
Female,17,62
Female,17,64
Female,17,66
Female,17,60
Female,17,68
Female,17,63
Female,17,64
Female,17,64
Female,17,60
Female,17,60
Female,17,65
Female,17,64
Female,17,66
Female,17,64
Female,17,61
Female,17,67
Female,17,60
Female,17,64
Female,17,62
Female,17,66
Female,17,63
Female,17,64
Female,17,61
Female,17,63
Female,17,62
Female,17,60
Female,17,70
Female,17,63
Female,17,63
Female,17,64
Female,17,67
Female,17,62
Female,17,64
Female,17,63
Female,17,69
Female,17,63
Female,17,64
Female,17,66
Female,17,65
Female,17,66
Female,17,68
Female,17,66
Female,17,63
Female,17,63
Female,17,69
Female,17,63
Female,17,59
Female,17,62
Female,17,62
Female,17,49
Female,17,62
Female,17,68
Female,17,67
Female,17,62
Female,17,63
Female,17,63
Female,17,66
Female,17,64
Female,17,61
Female,17,69
Female,17,62
Female,17,63
Female,17,62
Female,17,65
Female,17,65
Female,17,63
Female,17,60
Female,17,68
Female,17,60
Female,17,64
Female,17,59
Female,17,61
Female,17,61
Female,17,58
Female,17,69
Female,17,62
Female,17,63
Female,17,64
Female,17,66
Female,17,63
Female,17,65
Female,17,62
Female,17,60
Female,17,66
Female,17,62
Female,17,64
Female,17,64
Female,17,61
Female,17,69
Female,17,64
Female,17,63
Female,17,59
Female,17,63
Female,17,78
Female,17,67
Female,17,63
Female,17,63
Female,17,63
Female,17,63
Female,17,65
Female,17,65
Female,17,63
Female,17,64
Female,17,61
Female,17,70
Female,17,59
Female,17,67
Female,18,67
Female,18,62
Female,18,68
Female,18,59
Female,18,68
Female,18,64
Female,18,67
Female,18,63
Female,18,64
Female,18,68
Female,18,66
Female,18,63
Female,18,65
Female,18,68
Female,18,66
Female,18,64
Female,18,65
Female,18,67
Female,18,64
Female,18,65
Female,18,65
Female,18,65
Female,18,67
Female,18,64
Female,18,63
Female,18,64
Female,18,60
Female,18,65
Female,18,64
Female,18,64
Female,18,63
Female,18,66
Female,18,68
Female,18,62
Female,18,62
Female,18,66
Female,18,64
Female,18,65
Female,18,64
Female,18,67
Female,18,63
Female,18,68
Female,18,63
Female,18,65
Female,18,71
Female,18,64
Female,18,65
Female,18,62
Female,18,61
Female,18,66
Female,18,64
Female,18,60
Female,18,63
Female,18,63
Female,18,59
Female,18,68
Female,18,64
Female,18,69
Female,18,64
Female,18,59
Female,18,63
Female,18,62
Female,18,67
Female,18,64
Female,18,67
Female,18,63
Female,18,65
Female,18,67
Female,18,65
Female,18,62
Female,18,68
Female,18,70
Female,18,63
Female,18,63
Female,18,60
Female,18,63
Female,18,65
Female,18,71
Female,18,66
Female,18,65
Female,18,62
Female,18,64
Female,18,62
Female,18,67
Female,18,68
Female,18,64
Female,18,67
Female,18,66
Female,18,62
Female,18,63
Female,18,66
Female,18,64
Female,18,68
Female,18,67
Female,18,62
Female,18,61
Female,18,64
Female,18,64
Female,18,65
Female,18,63
Female,18,66
Female,18,66
Female,18,62
Female,18,63
Female,18,61
Female,18,68
Female,18,64
Female,18,66
Female,18,61
Female,18,63
Female,18,64
Female,18,63
Female,18,71
Female,18,61
Female,18,63
Female,18,68
Female,18,65
Female,18,66
Female,18,66
Female,18,64
Female,18,60
Female,18,60
Female,18,70
Female,18,66
Female,18,66
Female,18,65
Female,18,67
Female,18,63
Female,18,62
Female,18,66
Female,18,65
Female,18,68
Female,18,66
Female,18,68
Female,18,67
Female,18,62
Female,18,67
Female,18,59
Female,18,68
Female,18,60
Female,18,64
Female,18,67
Female,18,72
Female,18,63
Female,18,60
Female,18,65
Female,18,64
Female,18,67
Female,18,67
Female,18,64
Female,18,67
Female,18,63
Female,18,68
Female,18,66
Female,18,66
Female,18,63
Female,18,64
Female,18,64
Female,18,65
Female,18,67
Female,18,65
Female,18,70
Female,18,63
Female,18,69
Female,18,65
Female,18,60
Female,18,63
Female,18,62
Female,18,71
Female,18,66
Female,18,67
Female,18,62
Female,18,59
Female,18,64
Female,18,67
Female,18,64
Female,18,67
Female,18,66
Female,18,63
Female,18,67
Female,18,64
Female,18,66
Female,18,63
Female,18,63
Female,18,66
Female,18,65
Female,18,60
Female,18,83
Female,18,59
Female,18,67
Female,18,63
Female,18,65
Female,18,69
Female,18,62
Female,18,63
Female,18,66
Female,18,63
Female,18,61
Female,18,62
Female,18,66
Female,18,70
Female,18,60
Female,18,65
Female,18,69
Female,18,69
Female,18,65
Female,18,62
Female,18,60
Female,18,66
Female,18,59
Female,18,68
Female,18,67
Female,18,63
Female,18,65
Female,18,67
Female,18,68
Female,18,69
Female,18,67
Female,18,66
Female,18,67
Female,18,65
Female,18,67
Female,18,65
Female,18,61
Female,18,66
Female,18,63
Female,18,68
Female,18,68
Female,18,69
Female,18,63
Female,18,67
Female,18,65
Female,18,67
Female,18,66
Female,18,70
Female,18,66
Female,18,66
Female,18,66
Female,18,61
Female,18,68
Female,18,61
Female,18,67
Female,18,65
Female,18,63
Female,18,66
Female,18,68
Female,18,68
Female,18,67
Female,18,67
Female,18,64
Female,18,62
Female,18,64
Female,18,62
Female,18,65
Female,18,64
Female,18,60
Female,18,69
Female,18,67
Female,18,63
Female,18,71
Female,18,66
Female,18,65
Female,18,63
Female,18,64
Female,18,66
Female,18,68
Female,18,67
Female,18,67
Female,18,63
Female,18,63
Female,18,69
Female,18,70
Female,18,67
Female,18,61
Female,18,65
Female,18,70
Female,18,61
Female,18,65
Female,18,65
Female,18,66
Female,18,69
Female,18,64
Female,18,65
Female,18,66
Female,18,65
Female,18,64
Female,18,64
Female,18,65
Female,18,67
Female,18,65
Female,18,67
Female,18,63
Female,18,63
Female,18,62
Female,18,67
Female,18,61
Female,18,63
Female,18,62
Female,18,67
Female,18,68
Female,18,66
Female,18,68
Female,18,67
Female,18,64
Female,18,67
Female,18,65
Female,18,67
Female,18,62
Female,18,67
Female,18,63
Female,18,65
Female,18,61
Female,18,68
Female,18,63
Female,18,65
Female,18,70
Female,18,60
Female,18,60
Female,18,64
Female,18,64
Female,18,62
Female,18,68
Female,18,66
Female,18,62
Female,18,64
Female,18,68
Female,18,65
Female,18,65
Female,18,68
Female,18,63
Female,18,61
Female,18,62
Female,18,66
Female,18,66
Female,18,65
Female,18,69
Female,18,66
Female,18,60
Female,18,66
Female,18,70
Female,18,61
Female,18,67
Female,18,65
Female,18,71
Female,18,66
Female,18,66
Female,18,65
Female,18,68
Female,18,67
Female,18,66
Female,18,66
Female,18,66
Female,18,63
Female,18,68
Female,18,62
Female,18,67
Female,18,64
Female,18,65
Female,18,65
Female,18,67
Female,18,69
Female,18,61
Female,18,66
Female,18,65
Female,18,61
Female,18,62
Female,18,62
Female,18,68
Female,18,65
Female,18,64
Female,18,65
Female,18,68
Female,18,62
Female,18,62
Female,18,61
Female,18,63
Female,18,63
Female,18,64
Female,18,62
Female,18,64
Female,18,66
Female,18,64
Female,18,69
Female,18,62
Female,18,65
Female,18,61
Female,18,65
Female,18,62
Female,18,66
Female,18,61
Female,18,60
Female,18,63
Female,18,66
Female,18,61
Female,18,67
Female,18,68
Female,18,63
Female,18,71
Female,18,65
Female,18,67
Female,18,64
Female,18,60
Female,18,62
Female,18,68
Female,18,64
Female,18,68
Female,18,68
Female,18,67
Female,18,71
Female,18,69
Female,18,64
Female,18,65
Female,18,68
Female,18,66
Female,18,61
Female,18,65
Female,18,62
Female,18,69
Female,18,68
Female,18,67
Female,18,70
Female,18,65
Female,18,60
Female,18,59
Female,18,65
Female,18,72
Female,18,65
Female,18,62
Female,18,60
Female,18,62
Female,18,65
Female,18,65
Female,18,63
Female,18,62
Female,18,60
Female,18,65
Female,18,64
Female,18,66
Female,18,68
Female,18,64
Female,18,66
Female,18,70
Female,18,68
Female,18,63
Female,18,63
Female,18,66
Female,18,64
Female,18,64
Female,18,65
Female,18,64
Female,18,61
Female,18,66
Female,18,70
Female,18,67
Female,18,68
Female,18,64
Female,18,63
Female,18,67
Female,18,68
Female,18,69
Female,18,62
Female,18,68
Female,18,64
Female,18,69
Female,18,64
Female,18,64
Female,18,63
Female,18,65
Female,18,61
Female,18,64
Female,18,70
Female,18,66
Female,18,68
Female,18,63
Female,18,60
Female,18,63
Female,18,64
Female,18,68
Female,18,62
Female,18,67
Female,18,66
Female,18,68
Female,18,64
Female,18,65
Female,18,63
Female,18,65
Female,18,62
Female,18,65
Female,18,61
Female,18,66
Female,18,63
Female,18,62
Female,18,67
Female,18,70
Female,18,60
Female,18,64
Female,18,67
Female,18,63
Female,18,66
Female,18,66
Female,18,67
Female,18,63
Female,18,61
Female,18,64
Female,18,65
Female,18,67
Female,18,62
Female,18,66
Female,18,62
Female,18,62
Female,18,67
Female,18,64
Female,18,64
Female,18,63
Female,18,66
Female,18,62
Female,18,61
Female,18,63
Female,18,72
Female,18,71
Female,18,65
Female,18,67
Female,18,65
Female,18,61
Female,18,63
Female,18,66
Female,18,66
Female,18,67
Female,18,64
Female,18,67
Female,18,64
Female,18,66
Female,18,66
Female,18,64
Female,18,63
Female,18,62
Female,18,66
Female,18,64
Female,18,59
Female,18,62
Female,18,66
Female,18,63
Female,18,62
Female,18,65
Female,18,58
Female,18,64
Female,18,69
Female,18,62
Female,18,62
Female,18,66
Female,18,71
Female,18,61
Female,18,65
Female,18,64
Female,18,64
Female,18,64
Female,18,64
Female,18,61
Female,18,69
Female,18,64
Female,18,64
Female,18,68
Female,18,68
Female,18,68
Female,18,65
Female,18,64
Female,18,67
Female,18,63
Female,18,66
Female,18,71
Female,18,64
Female,18,66
Female,18,67
Female,18,65
Female,18,64
Female,18,65
Female,18,66
Female,18,66
Female,18,64
Female,18,68
Female,18,68
Female,18,62
Female,18,66
Female,18,67
Female,18,66
Female,18,67
Female,18,67
Female,18,70
Female,18,69
Female,18,66
Female,18,70
Female,18,66
Female,18,63
Female,18,62
Female,18,68
Female,18,69
Female,18,66
Female,18,65
Female,18,63
Female,18,61
Female,18,67
Female,18,72
Female,18,68
Female,18,66
Female,18,64
Female,18,62
Female,18,69
Female,18,66
Female,18,60
Female,18,63
Female,18,66
Female,18,64
Female,18,66
Female,18,68
Female,18,64
Female,18,66
Female,18,61
Female,18,61
Female,18,65
Female,18,63
Female,18,67
Female,18,67
Female,18,63
Female,18,66
Female,18,65
Female,18,62
Female,18,63
Female,18,65
Female,18,67
Female,18,67
Female,18,59
Female,18,62
Female,18,61
Female,18,66
Female,18,63
Female,18,68
Female,18,63
Female,18,62
Female,18,62
Female,18,65
Female,18,65
Female,18,66
Female,18,63
Female,18,60
Female,18,61
Female,18,69
Female,18,61
Female,18,64
Female,18,63
Female,18,66
Female,18,62
Female,18,65
Female,18,64
Female,18,68
Female,18,60
Female,18,66
Female,18,65
Female,18,63
Female,18,64
Female,18,64
Female,18,64
Female,18,60
Female,18,61
Female,18,63
Female,18,68
Female,18,64
Female,18,63
Female,18,71
Female,18,67
Female,18,61
Female,18,63
Female,18,66
Female,18,71
Female,18,67
Female,18,65
Female,18,69
Female,18,65
Female,18,63
Female,18,66
Female,18,60
Female,18,69
Female,18,60
Female,18,62
Female,18,66
Female,18,64
Female,18,68
Female,18,65
Female,18,64
Female,18,64
Female,18,66
Female,18,62
Female,18,65
Female,18,65
Female,18,63
Female,18,63
Female,18,62
Female,18,61
Female,18,66
Female,18,65
Female,18,65
Female,18,63
Female,18,61
Female,18,65
Female,18,64
Female,18,64
Female,18,65
Female,18,62
Female,18,64
Female,18,63
Female,18,63
Female,18,66
Female,18,67
Female,18,64
Female,18,61
Female,18,63
Female,18,66
Female,18,65
Female,18,60
Female,18,69
Female,18,65
Female,18,64
Female,18,64
Female,18,61
Female,18,69
Female,18,67
Female,18,60
Female,18,68
Female,18,67
Female,18,66
Female,18,66
Female,18,61
Female,18,64
Female,18,66
Female,18,60
Female,18,68
Female,18,64
Female,18,66
Female,18,64
Female,18,66
Female,18,71
Female,18,69
Female,18,70
Female,18,62
Female,18,71
Female,18,72
Female,18,65
Female,18,65
Female,18,61
Female,18,60
Female,18,68
Female,18,64
Female,18,66
Female,18,67
Female,18,65
Female,18,63
Female,18,63
Female,18,69
Female,18,60
Female,18,64
Female,18,63
Female,18,65
Female,18,67
Female,18,67
Female,18,67
Female,18,63
Female,18,67
Female,18,61
Female,18,63
Female,18,64
Female,18,66
Female,18,66
Female,18,67
Female,18,63
Female,18,64
Female,18,69
Female,18,59
Female,18,61
Female,18,65
Female,18,65
Female,18,65
Female,18,68
Female,18,63
Female,18,67
Female,18,63
Female,18,64
Female,18,59
Female,18,63
Female,18,59
Female,18,61
Female,18,63
Female,18,62
Female,18,62
Female,18,67
Female,18,67
Female,18,61
Female,18,69
Female,18,72
Female,18,59
Female,18,64
Female,18,62
Female,18,62
Female,18,64
Female,18,68
Female,18,64
Female,18,66
Female,18,64
Female,18,62
Female,18,62
Female,18,67
Female,18,67
Female,18,65
Female,18,62
Female,18,62
Female,18,63
Female,18,69
Female,18,62
Female,18,68
Female,18,68
Female,18,66
Female,18,69
Female,18,64
Female,19,67
Female,19,64
Female,19,63
Female,19,65
Female,19,65
Female,19,66
Female,19,67
Female,19,64
Female,19,61
Female,19,63
Female,19,61
Female,19,64
Female,19,62
Female,19,59
Female,19,66
Female,19,67
Female,19,67
Female,19,68
Female,19,69
Female,19,63
Female,19,65
Female,19,64
Female,19,62
Female,19,68
Female,19,65
Female,19,59
Female,19,69
Female,19,66
Female,19,66
Female,19,60
Female,19,63
Female,19,65
Female,19,65
Female,19,67
Female,19,62
Female,19,64
Female,19,63
Female,19,66
Female,19,68
Female,19,65
Female,19,67
Female,19,61
Female,19,67
Female,19,69
Female,19,66
Female,19,62
Female,19,62
Female,19,62
Female,19,63
Female,19,64
Female,19,65
Female,19,68
Female,19,67
Female,19,67
Female,19,65
Female,19,67
Female,19,64
Female,19,65
Female,19,68
Female,19,63
Female,19,61
Female,19,71
Female,19,66
Female,19,61
Female,19,75
Female,19,63
Female,19,66
Female,19,64
Female,19,63
Female,19,64
Female,19,64
Female,19,63
Female,19,67
Female,19,66
Female,19,63
Female,19,64
Female,19,66
Female,19,67
Female,19,63
Female,19,62
Female,19,67
Female,19,65
Female,19,64
Female,19,62
Female,19,60
Female,19,64
Female,19,64
Female,19,62
Female,19,66
Female,19,64
Female,19,64
Female,19,68
Female,19,63
Female,19,64
Female,19,69
Female,19,70
Female,19,62
Female,19,67
Female,19,70
Female,19,61
Female,19,61
Female,19,62
Female,19,63
Female,19,67
Female,19,68
Female,19,63
Female,19,67
Female,19,64
Female,19,63
Female,19,67
Female,19,64
Female,19,63
Female,19,62
Female,19,64
Female,19,61
Female,19,65
Female,19,64
Female,19,65
Female,19,58
Female,19,64
Female,19,63
Female,19,63
Female,19,69
Female,19,52
Female,19,68
Female,19,67
Female,19,66
Female,19,62
Female,19,66
Female,19,72
Female,19,64
Female,19,64
Female,19,71
Female,19,63
Female,19,66
Female,19,64
Female,19,63
Female,19,62
Female,19,65
Female,19,66
Female,19,67
Female,19,64
Female,19,64
Female,19,64
Female,19,60
Female,19,73
Female,19,66
Female,19,65
Female,19,61
Female,19,67
Female,19,71
Female,19,67
Female,19,69
Female,19,67
Female,19,68
Female,19,68
Female,19,66
Female,19,68
Female,19,64
Female,19,69
Female,19,67
Female,19,62
Female,19,68
Female,19,64
Female,19,65
Female,19,58
Female,19,69
Female,19,61
Female,19,71
Female,19,66
Female,19,66
Female,19,65
Female,19,69
Female,19,60
Female,19,61
Female,19,63
Female,19,68
Female,19,62
Female,19,65
Female,19,65
Female,19,66
Female,19,64
Female,19,63
Female,19,65
Female,19,65
Female,19,67
Female,19,67
Female,19,66
Female,19,67
Female,19,68
Female,19,65
Female,19,63
Female,19,65
Female,19,67
Female,19,70
Female,19,67
Female,19,67
Female,19,65
Female,19,67
Female,19,67
Female,19,64
Female,19,68
Female,19,61
Female,19,63
Female,19,64
Female,19,60
Female,19,65
Female,19,68
Female,19,66
Female,19,62
Female,19,65
Female,19,67
Female,19,62
Female,19,68
Female,19,63
Female,19,65
Female,19,61
Female,19,62
Female,19,64
Female,19,68
Female,19,64
Female,19,68
Female,19,62
Female,19,66
Female,19,65
Female,19,67
Female,19,65
Female,19,69
Female,19,64
Female,19,65
Female,19,63
Female,19,69
Female,19,69
Female,19,70
Female,19,63
Female,19,67
Female,19,63
Female,19,61
Female,19,63
Female,19,65
Female,19,65
Female,19,62
Female,19,69
Female,19,62
Female,19,68
Female,19,62
Female,19,65
Female,19,68
Female,19,63
Female,19,61
Female,19,66
Female,19,69
Female,19,64
Female,19,66
Female,19,63
Female,19,69
Female,19,65
Female,19,61
Female,19,71
Female,19,66
Female,19,65
Female,19,65
Female,19,65
Female,19,65
Female,19,67
Female,19,65
Female,19,76
Female,19,64
Female,19,64
Female,19,63
Female,19,66
Female,19,66
Female,19,64
Female,19,63
Female,19,64
Female,19,66
Female,19,63
Female,19,72
Female,19,63
Female,19,63
Female,19,67
Female,19,63
Female,19,63
Female,19,66
Female,19,61
Female,19,62
Female,19,66
Female,19,61
Female,19,60
Female,19,65
Female,19,60
Female,19,63
Female,19,63
Female,19,64
Female,19,69
Female,19,64
Female,19,64
Female,19,65
Female,19,66
Female,19,64
Female,19,68
Female,19,63
Female,19,63
Female,19,67
Female,19,62
Female,19,65
Female,19,63
Female,19,64
Female,19,66
Female,19,62
Female,19,64
Female,19,69
Female,19,69
Female,19,64
Female,19,68
Female,19,66
Female,19,65
Female,19,63
Female,19,63
Female,19,71
Female,19,62
Female,19,65
Female,19,61
Female,19,62
Female,19,64
Female,19,65
Female,19,62
Female,19,64
Female,19,63
Female,19,66
Female,19,63
Female,19,55
Female,19,54
Female,19,62
Female,19,68
Female,19,65
Female,19,67
Female,19,69
Female,19,64
Female,19,68
Female,19,64
Female,19,61
Female,19,64
Female,19,64
Female,19,65
Female,19,63
Female,19,65
Female,19,62
Female,19,67
Female,19,62
Female,19,65
Female,19,63
Female,19,62
Female,19,64
Female,19,68
Female,19,71
Female,19,69
Female,19,56
Female,19,63
Female,19,63
Female,19,64
Female,19,63
Female,19,69
Female,19,61
Female,19,65
Female,19,65
Female,19,62
Female,19,68
Female,19,61
Female,19,64
Female,19,70
Female,19,65
Female,19,71
Female,19,63
Female,19,64
Female,19,66
Female,19,61
Female,19,65
Female,19,67
Female,19,66
Female,19,67
Female,19,66
Female,19,66
Female,19,62
Female,19,65
Female,19,63
Female,19,67
Female,19,66
Female,19,66
Female,19,70
Female,19,67
Female,19,62
Female,19,62
Female,19,63
Female,19,62
Female,19,62
Female,19,63
Female,19,67
Female,19,64
Female,19,65
Female,19,68
Female,19,66
Female,19,67
Female,19,60
Female,19,69
Female,19,64
Female,19,62
Female,19,65
Female,19,69
Female,19,66
Female,19,66
Female,19,65
Female,19,68
Female,19,66
Female,19,63
Female,19,69
Female,19,63
Female,19,63
Female,19,63
Female,19,61
Female,19,62
Female,19,66
Female,19,60
Female,19,63
Female,19,66
Female,19,70
Female,19,67
Female,19,61
Female,19,63
Female,19,59
Female,19,65
Female,19,65
Female,19,63
Female,19,65
Female,19,65
Female,19,70
Female,19,69
Female,19,65
Female,19,66
Female,19,67
Female,19,67
Female,19,69
Female,19,64
Female,19,68
Female,19,64
Female,19,63
Female,19,63
Female,19,65
Female,19,60
Female,19,67
Female,19,66
Female,19,66
Female,19,65
Female,19,66
Female,19,57
Female,19,66
Female,19,67
Female,19,67
Female,19,66
Female,19,66
Female,19,67
Female,19,66
Female,19,65
Female,19,63
Female,19,63
Female,19,63
Female,19,62
Female,19,63
Female,19,58
Female,19,63
Female,19,64
Female,19,64
Female,19,62
Female,19,67
Female,19,67
Female,19,60
Female,19,68
Female,19,66
Female,19,63
Female,19,63
Female,19,69
Female,19,65
Female,19,66
Female,19,61
Female,19,60
Female,19,68
Female,19,59
Female,19,57
Female,19,61
Female,19,66
Female,19,69
Female,19,64
Female,19,62
Female,19,58
Female,19,64
Female,19,65
Female,19,67
Female,19,60
Female,19,62
Female,19,65
Female,19,61
Female,19,66
Female,19,66
Female,19,63
Female,19,66
Female,19,59
Female,19,63
Female,19,64
Female,19,62
Female,19,61
Female,19,63
Female,19,65
Female,19,68
Female,19,72
Female,19,62
Female,19,63
Female,19,66
Female,19,69
Female,19,62
Female,19,63
Female,19,65
Female,19,65
Female,19,70
Female,19,70
Female,19,60
Female,19,66
Female,19,63
Female,19,60
Female,19,63
Female,19,63
Female,19,70
Female,19,64
Female,19,64
Female,19,68
Female,19,60
Female,19,65
Female,19,66
Female,19,62
Female,19,62
Female,19,67
Female,19,68
Female,19,64
Female,19,59
Female,19,64
Female,19,59
Female,19,62
Female,19,58
Female,19,66
Female,19,66
Female,19,62
Female,19,67
Female,19,61
Female,19,66
Female,19,67
Female,19,60
Female,19,62
Female,19,65
Female,19,67
Female,19,62
Female,19,63
Female,19,60
Female,19,63
Female,19,62
Female,19,63
Female,19,63
Female,19,63
Female,19,63
Female,19,64
Female,19,68
Female,19,64
Female,19,65
Female,19,57
Female,19,64
Female,19,69
Female,19,69
Female,19,69
Female,19,62
Female,19,66
Female,19,62
Female,19,66
Female,19,64
Female,19,64
Female,19,63
Female,19,64
Female,19,60
Female,19,60
Female,19,68
Female,19,62
Female,19,64
Female,19,64
Female,19,61
Female,19,61
Female,19,68
Female,19,62
Female,19,60
Female,19,63
Female,19,65
Female,19,67
Female,19,63
Female,19,62
Female,19,63
Female,19,65
Female,19,65
Female,19,62
Female,19,60
Female,19,67
Female,19,62
Female,19,67
Female,19,69
Female,19,61
Female,19,65
Female,19,66
Female,19,60
Female,19,62
Female,19,64
Female,19,65
Female,19,65
Female,19,61
Female,19,65
Female,19,65
Female,19,69
Female,19,71
Female,19,64
Female,19,70
Female,19,60
Female,19,68
Female,19,61
Female,19,62
Female,19,67
Female,19,65
Female,19,64
Female,19,66
Female,19,61
Female,19,64
Female,19,65
Female,19,63
Female,19,67
Female,19,65
Female,19,65
Female,19,71
Female,19,62
Female,19,60
Female,19,67
Female,19,64
Female,19,62
Female,19,63
Female,19,72
Female,19,64
Female,19,60
Female,19,64
Female,19,65
Female,19,69
Female,19,64
Female,19,63
Female,19,64
Female,19,63
Female,19,62
Female,19,63
Female,19,66
Female,19,67
Female,19,64
Female,19,64
Female,19,68
Female,19,64
Female,19,67
Female,19,67
Female,19,63
Female,19,60
Female,19,67
Female,19,62
Female,19,60
Female,19,67
Female,19,64
Female,19,66
Female,19,62
Female,19,62
Female,19,63
Female,19,60
Female,19,64
Female,19,62
Female,19,62
Female,19,66
Female,19,68
Female,19,63
Female,19,69
Female,19,64
Female,19,63
Female,19,66
Female,19,66
Female,19,60
Female,19,67
Female,19,67
Female,19,64
Female,19,66